{"sim": [[1.0, 0.5230392925824575, 0.5288752026688129, 0.5402748644186306, 0.5808472787577266], [0.5230392925824575, 1.0, 0.6810136972246448, 0.71110037727967, 0.6622533353624511], [0.5288752026688129, 0.6810136972246448, 1.0, 0.6995960814061295, 0.6925291994602377], [0.5402748644186306, 0.71110037727967, 0.6995960814061295, 1.0, 0.7219240799006825], [0.5808472787577266, 0.6622533353624511, 0.6925291994602377, 0.7219240799006825, 1.0]], "cos": [[1.0, 0.9740333015884443, 0.968947906468502, 0.9728287179850584, 0.9765832251441293], [0.9740333015884443, 1.0, 0.9925443812961212, 0.9940244495177092, 0.992425051248777], [0.968947906468502, 0.9925443812961212, 1.0, 0.9944104989771094, 0.9950893221323298], [0.9728287179850584, 0.9940244495177092, 0.9944104989771094, 1.0, 0.9970584078532561], [0.9765832251441293, 0.992425051248777, 0.9950893221323298, 0.9970584078532561, 1.0]], "countries": ["eg", "kw", "sa", "ae", "Uniform"]}
