{"sim": [[1.0, 0.5230392925824575, 0.5288752026688129, 0.5402748644186306, 0.5266226014034884], [0.5230392925824575, 1.0, 0.6810136972246448, 0.71110037727967, 0.5774797056186401], [0.5288752026688129, 0.6810136972246448, 1.0, 0.6995960814061295, 0.6449179875255701], [0.5402748644186306, 0.71110037727967, 0.6995960814061295, 1.0, 0.6163270339427197], [0.5266226014034884, 0.5774797056186401, 0.6449179875255701, 0.6163270339427197, 1.0]], "cos": [[1.0, 0.9740333015884398, 0.9689479064684996, 0.9728287179850545, 0.9756090303670462], [0.9740333015884398, 1.0, 0.9925443812961205, 0.9940244495177112, 0.9904347263707334], [0.9689479064684996, 0.9925443812961205, 1.0, 0.9944104989771081, 0.9930971412141034], [0.9728287179850545, 0.9940244495177112, 0.9944104989771081, 1.0, 0.9926193323031334], [0.9756090303670462, 0.9904347263707334, 0.9930971412141034, 0.9926193323031334, 1.0]], "countries": ["eg", "kw", "sa", "ae", "ALL"]}
