,Recall,Country,Training Size
0,0.64404296875,de,4096
1,0.611572265625,at,4096
2,0.6630859375,ch,4096
3,0.66259765625,de,8192
4,0.62744140625,at,8192
5,0.668212890625,ch,8192
6,0.777587890625,de,16384
7,0.62744140625,at,16384
8,0.668212890625,ch,16384
