,Recall,Country,Training Size
0,0.635986328125,at,4096
1,0.723388671875,ch,4096
2,0.78515625,at,8192
3,0.716552734375,ch,8192
