,Recall,Country,Training Size
0,0.6396484375,de,4096
1,0.6064453125,at,4096
2,0.65673828125,ch,4096
3,0.658447265625,de,8192
4,0.621826171875,at,8192
5,0.660400390625,ch,8192
6,0.77490234375,de,16384
7,0.621826171875,at,16384
8,0.660400390625,ch,16384
