,Recall,Country,System
0,0.9208984375,de,EvoMSA
1,0.621826171875,at,EvoMSA
2,0.64990234375,ch,EvoMSA
