,Recall,Country,Training Size
0,0.97802734375,in,4096
1,0.91357421875,pk,4096
2,0.9853515625,in,8192
3,0.915771484375,pk,8192
4,0.9921875,in,16384
5,0.915771484375,pk,16384
