,Recall,Country,Training Size
0,0.714111328125,us,4096
1,0.941162109375,it,4096
2,0.714111328125,us,8192
3,0.982177734375,it,8192
4,0.714111328125,us,16384
5,0.992431640625,it,16384
