,Recall,Country,Training Size
0,0.728515625,nl,4096
1,0.7099609375,be,4096
2,0.760009765625,nl,8192
3,0.733154296875,be,8192
4,0.77587890625,nl,16384
5,0.753662109375,be,16384
