,Recall,Country,Training Size
0,0.66064453125,pt,4096
1,0.751220703125,br,4096
2,0.73583984375,mz,4096
3,0.7847165160230074,cv,4096
4,0.77099609375,ao,4096
5,0.66162109375,pt,8192
6,0.762939453125,br,8192
7,0.7568359375,mz,8192
8,0.7978635990139687,cv,8192
9,0.794677734375,ao,8192
10,0.6669921875,pt,16384
11,0.778076171875,br,16384
12,0.770263671875,mz,16384
13,0.7978635990139687,cv,16384
14,0.79833984375,ao,16384
