,Recall,Country,System
0,0.66845703125,pt,EvoMSA
1,0.80078125,br,EvoMSA
2,0.781005859375,mz,EvoMSA
3,0.7682826622843056,cv,EvoMSA
4,0.819091796875,ao,EvoMSA
5,0.668212890625,pt,Uniform
6,0.804443359375,br,Uniform
7,0.78125,mz,Uniform
8,0.7654067378800329,cv,Uniform
9,0.824462890625,ao,Uniform
10,0.798583984375,br,Country
11,0.67529296875,pt,q-grams
12,0.810302734375,br,q-grams
13,0.787841796875,mz,q-grams
14,0.7691043549712407,cv,q-grams
15,0.823974609375,ao,q-grams
