,Recall,Country,Training Size
0,0.619140625,ru,4096
1,0.5751953125,kg,4096
2,0.49267578125,kz,4096
3,0.522705078125,by,4096
4,0.615478515625,ru,8192
5,0.58349609375,kg,8192
6,0.522216796875,kz,8192
7,0.53857421875,by,8192
8,0.628173828125,ru,16384
9,0.599609375,kg,16384
10,0.53955078125,kz,16384
11,0.550537109375,by,16384
