,Recall,Country,System
0,0.62890625,ru,EvoMSA
1,0.609375,kg,EvoMSA
2,0.551513671875,kz,EvoMSA
3,0.552734375,by,EvoMSA
4,0.626708984375,ru,Uniform
5,0.615478515625,kg,Uniform
6,0.5556640625,kz,Uniform
7,0.555908203125,by,Uniform
8,0.626220703125,ru,Country
9,0.63671875,ru,q-grams
10,0.62255859375,kg,q-grams
11,0.55224609375,kz,q-grams
12,0.56591796875,by,q-grams
