,Recall,Country,System
0,0.5476190476190477,cy,EvoMSA
1,0.99755859375,tr,EvoMSA
