,Recall,Country,Training Size
0,0.5584415584415584,cy,4096
1,0.758544921875,tr,4096
2,0.5584415584415584,cy,8192
3,0.913818359375,tr,8192
4,0.5584415584415584,cy,16384
5,0.980224609375,tr,16384
