,Recall,Country,System
0,0.96923828125,cn,EvoMSA
1,0.97705078125,tw,EvoMSA
2,0.659423828125,hk,EvoMSA
3,0.7170571932476695,sg,EvoMSA
