,Recall,Country,Training Size
0,0.964599609375,cn,4096
1,0.968017578125,tw,4096
2,0.627197265625,hk,4096
3,0.7228521038044847,sg,4096
4,0.9677734375,cn,8192
5,0.96923828125,tw,8192
6,0.66064453125,hk,8192
7,0.7195767195767195,sg,8192
8,0.970703125,cn,16384
9,0.969970703125,tw,16384
10,0.660400390625,hk,16384
11,0.7195767195767195,sg,16384
